Category,URL
Biodiversity,https://en.wikipedia.org/wiki/2010_Biodiversity_Target
Biodiversity,https://en.wikipedia.org/wiki/2012_Hyderabad_Biodiversity_Conference
Biodiversity,https://en.wikipedia.org/wiki/2022_United_Nations_Biodiversity_Conference
Biodiversity,https://en.wikipedia.org/wiki/2024_United_Nations_Biodiversity_Conference
Biodiversity,https://en.wikipedia.org/wiki/Abiotic_stress
Biodiversity,https://en.wikipedia.org/wiki/Abundance_(ecology)
Biodiversity,https://en.wikipedia.org/wiki/Agricultural_biodiversity
Biodiversity,https://en.wikipedia.org/wiki/Biodiversity_in_agriculture
Biodiversity,https://en.wikipedia.org/wiki/Alpha_diversity
Biodiversity,https://en.wikipedia.org/wiki/Background_selection
Biodiversity,https://en.wikipedia.org/wiki/Bank_of_Natural_Capital
Biodiversity,https://en.wikipedia.org/wiki/BioBlitz
Biodiversity,https://en.wikipedia.org/wiki/Biocultural_diversity
Biodiversity,https://en.wikipedia.org/wiki/Biodiversity
Biodiversity,https://en.wikipedia.org/wiki/Biodiversity_action_plan
Biodiversity,https://en.wikipedia.org/wiki/Biodiversity_and_drugs
Biodiversity,https://en.wikipedia.org/wiki/Biodiversity_banking
Biodiversity,https://en.wikipedia.org/wiki/Biodiversity_hotspot
Biodiversity,https://en.wikipedia.org/wiki/Biodiversity_hypothesis_of_health
Biodiversity,https://en.wikipedia.org/wiki/Biodiversity_Impact_Credit
Biodiversity,https://en.wikipedia.org/wiki/Biodiversity_Indicators_Partnership
Biodiversity,https://en.wikipedia.org/wiki/Biodiversity_Literature_Repository
Biodiversity,https://en.wikipedia.org/wiki/Biodiversity_loss
Biodiversity,https://en.wikipedia.org/wiki/Biodiversity_offsetting
Biodiversity,https://en.wikipedia.org/wiki/Biological_recording
Biodiversity,https://en.wikipedia.org/wiki/Bionomia
Biodiversity,https://en.wikipedia.org/wiki/Bioprospecting
Biodiversity,https://en.wikipedia.org/wiki/Bioresilience
Biodiversity,https://en.wikipedia.org/wiki/Biosafety_Clearing-House
Biodiversity,https://en.wikipedia.org/wiki/Biotic_homogenization
Biodiversity,https://en.wikipedia.org/wiki/Bioversity_International
Biodiversity,https://en.wikipedia.org/wiki/Body_size_and_species_richness
Biodiversity,https://en.wikipedia.org/wiki/Box_corer
Biodiversity,https://en.wikipedia.org/wiki/Convention_on_Biological_Diversity
Biodiversity,https://en.wikipedia.org/wiki/Carta_di_Siracusa_on_Biodiversity
Biodiversity,https://en.wikipedia.org/wiki/Cartagena_Protocol_on_Biosafety
Biodiversity,https://en.wikipedia.org/wiki/Checkerboard_score
Biodiversity,https://en.wikipedia.org/wiki/Chresonym
Biodiversity,https://en.wikipedia.org/wiki/City_Nature_Challenge
Biodiversity,https://en.wikipedia.org/wiki/Community_fingerprinting
Biodiversity,https://en.wikipedia.org/wiki/Crop_diversity
Biodiversity,https://en.wikipedia.org/wiki/Crop_Trust
Biodiversity,https://en.wikipedia.org/wiki/Cross-sector_biodiversity_initiative
Biodiversity,https://en.wikipedia.org/wiki/Dark_diversity
Biodiversity,https://en.wikipedia.org/wiki/List_of_biodiversity_databases
Biodiversity,https://en.wikipedia.org/wiki/Defaunation
Biodiversity,https://en.wikipedia.org/wiki/Diversitas
Biodiversity,https://en.wikipedia.org/wiki/Diversity%E2%80%93function_debate
Biodiversity,https://en.wikipedia.org/wiki/Ebbe_Nielsen_Challenge
Biodiversity,https://en.wikipedia.org/wiki/Ebbe_Nielsen_Prize
Biodiversity,https://en.wikipedia.org/wiki/Ecological_effects_of_biodiversity
Biodiversity,https://en.wikipedia.org/wiki/Ecological_goods_and_services
Biodiversity,https://en.wikipedia.org/wiki/Economics_of_biodiversity
Biodiversity,https://en.wikipedia.org/wiki/The_Economics_of_Ecosystems_and_Biodiversity
Biodiversity,https://en.wikipedia.org/wiki/Ecosystem_diversity
Biodiversity,https://en.wikipedia.org/wiki/Effects_of_climate_change_on_plant_biodiversity
Biodiversity,https://en.wikipedia.org/wiki/Effects_of_climate_change_on_the_tropics
Biodiversity,https://en.wikipedia.org/wiki/Eichler%27s_rule
Biodiversity,https://en.wikipedia.org/wiki/Elevational_diversity_gradient
Biodiversity,https://en.wikipedia.org/wiki/Endemism
Biodiversity,https://en.wikipedia.org/wiki/Enzootic
Biodiversity,https://en.wikipedia.org/wiki/Essential_Biodiversity_Variables
Biodiversity,https://en.wikipedia.org/wiki/Floristic_diversity
Biodiversity,https://en.wikipedia.org/wiki/Food_biodiversity
Biodiversity,https://en.wikipedia.org/wiki/Forest_Landscape_Integrity_Index
Biodiversity,https://en.wikipedia.org/wiki/Future_50_Foods_report
Biodiversity,https://en.wikipedia.org/wiki/Genetic_diversity
Biodiversity,https://en.wikipedia.org/wiki/Genetic_resources
Biodiversity,https://en.wikipedia.org/wiki/Global_biodiversity
Biodiversity,https://en.wikipedia.org/wiki/Global_Biodiversity_Information_Facility
Biodiversity,https://en.wikipedia.org/wiki/Green_infrastructure
Biodiversity,https://en.wikipedia.org/wiki/Holistic_management_(agriculture)
Biodiversity,https://en.wikipedia.org/wiki/Importance_Value_Index
Biodiversity,https://en.wikipedia.org/wiki/Insect_biodiversity
Biodiversity,https://en.wikipedia.org/wiki/Intact_forest_landscape
Biodiversity,https://en.wikipedia.org/wiki/Intergovernmental_Science-Policy_Platform_on_Biodiversity_and_Ecosystem_Services
Biodiversity,https://en.wikipedia.org/wiki/International_Consortium_of_Universities_for_the_Study_of_Biodiversity_and_the_Environment
Biodiversity,https://en.wikipedia.org/wiki/International_Day_for_Biological_Diversity
Biodiversity,https://en.wikipedia.org/wiki/International_Mechanism_of_Scientific_Expertise_on_Biodiversity
Biodiversity,https://en.wikipedia.org/wiki/International_Year_of_Biodiversity
Biodiversity,https://en.wikipedia.org/wiki/Key_Biodiversity_Area
Biodiversity,https://en.wikipedia.org/wiki/Kunming-Montreal_Global_Biodiversity_Framework
Biodiversity,"https://en.wikipedia.org/wiki/Land_use,_land-use_change,_and_forestry"
Biodiversity,https://en.wikipedia.org/wiki/Latitudinal_gradients_in_species_diversity
Biodiversity,https://en.wikipedia.org/wiki/List_of_plants_used_in_herbalism
Biodiversity,https://en.wikipedia.org/wiki/Living_Planet_Index
Biodiversity,https://en.wikipedia.org/wiki/Man_and_the_Biosphere_Programme
Biodiversity,https://en.wikipedia.org/wiki/Measurement_of_biodiversity
Biodiversity,https://en.wikipedia.org/wiki/Megadiverse_countries
Biodiversity,https://en.wikipedia.org/wiki/Millennium_Seed_Bank_Partnership
Biodiversity,https://en.wikipedia.org/wiki/Nagoya_Protocol
Biodiversity,https://en.wikipedia.org/wiki/Natural_landscape
Biodiversity,https://en.wikipedia.org/wiki/Nature-based_solutions
Biodiversity,https://en.wikipedia.org/wiki/Niche_apportionment_models
Biodiversity,https://en.wikipedia.org/wiki/Occupancy%E2%80%93abundance_relationship
Biodiversity,https://en.wikipedia.org/wiki/Ocean_Biodiversity_Information_System
Biodiversity,https://en.wikipedia.org/wiki/Organic_farming_and_biodiversity
Biodiversity,https://en.wikipedia.org/wiki/Overabundant_species
Biodiversity,https://en.wikipedia.org/wiki/Phenotypic_disparity
Biodiversity,https://en.wikipedia.org/wiki/Phylogenetic_niche_conservatism
Biodiversity,https://en.wikipedia.org/wiki/Phylogenetic_signal
Biodiversity,https://en.wikipedia.org/wiki/Plant_breeders%27_rights
Biodiversity,https://en.wikipedia.org/wiki/Plant_genetic_resources
Biodiversity,https://en.wikipedia.org/wiki/International_Treaty_on_Plant_Genetic_Resources_for_Food_and_Agriculture
Biodiversity,https://en.wikipedia.org/wiki/Rainforest
Biodiversity,https://en.wikipedia.org/wiki/Range_condition_scoring
Biodiversity,https://en.wikipedia.org/wiki/Rank_abundance_curve
Biodiversity,https://en.wikipedia.org/wiki/Rarefaction_(ecology)
Biodiversity,https://en.wikipedia.org/wiki/Regional_Red_List
Biodiversity,https://en.wikipedia.org/wiki/Relative_species_abundance
Biodiversity,https://en.wikipedia.org/wiki/Renkonen_similarity_index
Biodiversity,https://en.wikipedia.org/wiki/River_barrier_hypothesis
Biodiversity,https://en.wikipedia.org/wiki/Soil_biodiversity
Biodiversity,https://en.wikipedia.org/wiki/Species%E2%80%93area_relationship
Biodiversity,https://en.wikipedia.org/wiki/Storage_effect
Biodiversity,https://en.wikipedia.org/wiki/Subsurface_lithoautotrophic_microbial_ecosystem
Biodiversity,https://en.wikipedia.org/wiki/Treedom
Biodiversity,https://en.wikipedia.org/wiki/Tropical_forest
Biodiversity,https://en.wikipedia.org/wiki/Unified_neutral_theory_of_biodiversity
Biodiversity,https://en.wikipedia.org/wiki/Union_for_Ethical_Biotrade
Biodiversity,https://en.wikipedia.org/wiki/United_Nations_Decade_on_Biodiversity
Biodiversity,https://en.wikipedia.org/wiki/Urban_nature
Biodiversity,https://en.wikipedia.org/wiki/Woody_plant_encroachment
Biodiversity,https://en.wikipedia.org/wiki/World_Network_of_Biosphere_Reserves
Climate Change,https://en.wikipedia.org/wiki/Causes_of_climate_change
Climate Change,https://en.wikipedia.org/wiki/Climate_change
Climate Change,https://en.wikipedia.org/wiki/Climate_crisis
Climate Change,https://en.wikipedia.org/wiki/2_degree_climate_target
Climate Change,https://en.wikipedia.org/wiki/2019_in_climate_change
Climate Change,https://en.wikipedia.org/wiki/2020_in_climate_change
Climate Change,https://en.wikipedia.org/wiki/2020s_in_environmental_history
Climate Change,https://en.wikipedia.org/wiki/2021_in_climate_change
Climate Change,https://en.wikipedia.org/wiki/2022_in_climate_change
Climate Change,https://en.wikipedia.org/wiki/2023_in_climate_change
Climate Change,https://en.wikipedia.org/wiki/2024_in_climate_change
Climate Change,https://en.wikipedia.org/wiki/Abrupt_climate_change
Climate Change,https://en.wikipedia.org/wiki/Climate_action
Climate Change,https://en.wikipedia.org/wiki/Climate_change_adaptation
Climate Change,https://en.wikipedia.org/wiki/Climate_change_and_cities
Climate Change,https://en.wikipedia.org/wiki/Climate_change_litigation
Climate Change,https://en.wikipedia.org/wiki/Climate_inertia
Climate Change,https://en.wikipedia.org/wiki/Climate_Information_Service
Climate Change,https://en.wikipedia.org/wiki/Climate_psychology
Climate Change,https://en.wikipedia.org/wiki/Climate_security
Climate Change,https://en.wikipedia.org/wiki/Climate_spiral
Climate Change,https://en.wikipedia.org/wiki/Climate_Vulnerability_Index
Climate Change,https://en.wikipedia.org/wiki/Coastal_flooding
Climate Change,https://en.wikipedia.org/wiki/Deforestation_and_climate_change
Climate Change,https://en.wikipedia.org/wiki/Development_safeguard
Climate Change,https://en.wikipedia.org/wiki/Early_anthropocene
Climate Change,https://en.wikipedia.org/wiki/Economic_analysis_of_climate_change
Climate Change,https://en.wikipedia.org/wiki/Climate_emergency_declaration
Climate Change,https://en.wikipedia.org/wiki/Climate_engineering
Climate Change,https://en.wikipedia.org/wiki/Flight_shame
Climate Change,https://en.wikipedia.org/wiki/GHG_Protocol_Corporate_Standard
Climate Change,https://en.wikipedia.org/wiki/Glacial_survival_hypothesis
Climate Change,https://en.wikipedia.org/wiki/Global_Carbon_Project
Climate Change,https://en.wikipedia.org/wiki/Global_change
Climate Change,https://en.wikipedia.org/wiki/General_circulation_model
Climate Change,https://en.wikipedia.org/wiki/Global_cooling
Climate Change,https://en.wikipedia.org/wiki/Global_dimming
Climate Change,https://en.wikipedia.org/wiki/Global_surface_temperature
Climate Change,https://en.wikipedia.org/wiki/Global_terrestrial_stilling
Climate Change,https://en.wikipedia.org/wiki/Global_warming_hiatus
Climate Change,https://en.wikipedia.org/wiki/Greenhouse_gas_emissions
Climate Change,https://en.wikipedia.org/wiki/History_of_climate_change_science
Climate Change,https://en.wikipedia.org/wiki/Hyperthermal_event
Climate Change,https://en.wikipedia.org/wiki/Infrared_window
Climate Change,https://en.wikipedia.org/wiki/Kaya_identity
Climate Change,https://en.wikipedia.org/wiki/List_of_locations_and_entities_by_greenhouse_gas_emissions
Climate Change,https://en.wikipedia.org/wiki/Marsh_organ
Climate Change,https://en.wikipedia.org/wiki/Ocean_heat_content
Climate Change,https://en.wikipedia.org/wiki/Oslo_Principles
Climate Change,https://en.wikipedia.org/wiki/Ozone_depletion_and_climate_change
Climate Change,https://en.wikipedia.org/wiki/Piora_Oscillation
Climate Change,https://en.wikipedia.org/wiki/Polar_amplification
Climate Change,https://en.wikipedia.org/wiki/Post-doom
Climate Change,https://en.wikipedia.org/wiki/Transition_town
Climate Change,https://en.wikipedia.org/wiki/Water_vapor_windows
Environmental Conservation,https://en.wikipedia.org/wiki/Conservation_biology
Environmental Conservation,https://en.wikipedia.org/wiki/Adaptive_management
Environmental Conservation,https://en.wikipedia.org/wiki/Adventive_plant
Environmental Conservation,https://en.wikipedia.org/wiki/Agroecology
Environmental Conservation,https://en.wikipedia.org/wiki/Assisted_migration
Environmental Conservation,https://en.wikipedia.org/wiki/Biophilia_hypothesis
Environmental Conservation,https://en.wikipedia.org/wiki/Blue-listed
Environmental Conservation,https://en.wikipedia.org/wiki/Buffer_zone
Environmental Conservation,https://en.wikipedia.org/wiki/Cave_conservation
Environmental Conservation,https://en.wikipedia.org/wiki/Clarion-Clipperton_Zone
Environmental Conservation,https://en.wikipedia.org/wiki/Common_species
Environmental Conservation,https://en.wikipedia.org/wiki/Community-based_conservation
Environmental Conservation,https://en.wikipedia.org/wiki/Compassionate_conservation
Environmental Conservation,https://en.wikipedia.org/wiki/Conservation_agriculture
Environmental Conservation,https://en.wikipedia.org/wiki/Conservation_development
Environmental Conservation,https://en.wikipedia.org/wiki/Conservation_management_system
Environmental Conservation,https://en.wikipedia.org/wiki/Conservation_movement
Environmental Conservation,https://en.wikipedia.org/wiki/Conservation_photography
Environmental Conservation,https://en.wikipedia.org/wiki/Conservation_psychology
Environmental Conservation,https://en.wikipedia.org/wiki/Conservation_status
Environmental Conservation,https://en.wikipedia.org/wiki/Conservation_welfare
Environmental Conservation,https://en.wikipedia.org/wiki/Conservation-reliant_species
Environmental Conservation,https://en.wikipedia.org/wiki/Cross-boundary_subsidy
Environmental Conservation,https://en.wikipedia.org/wiki/Dead_hedge
Environmental Conservation,https://en.wikipedia.org/wiki/Debt-for-nature_swap
Environmental Conservation,https://en.wikipedia.org/wiki/Decline_in_amphibian_populations
Environmental Conservation,https://en.wikipedia.org/wiki/Decline_in_insect_populations
Environmental Conservation,https://en.wikipedia.org/wiki/Dispersal_of_invasive_species_by_ballast_water
Environmental Conservation,https://en.wikipedia.org/wiki/Endangered_species
Environmental Conservation,https://en.wikipedia.org/wiki/Endangered_species_(IUCN_status)
Environmental Conservation,https://en.wikipedia.org/wiki/Environmental_issues_with_coral_reefs
Environmental Conservation,https://en.wikipedia.org/wiki/Environmental_stewardship
Environmental Conservation,https://en.wikipedia.org/wiki/Escaped_plant
Environmental Conservation,https://en.wikipedia.org/wiki/Exclosure
Environmental Conservation,https://en.wikipedia.org/wiki/Extinction
Environmental Conservation,https://en.wikipedia.org/wiki/Extinction_risk_from_climate_change
Environmental Conservation,https://en.wikipedia.org/wiki/Gap_analysis_(conservation)
Environmental Conservation,https://en.wikipedia.org/wiki/Geodiversity
Environmental Conservation,https://en.wikipedia.org/wiki/Global_200
Environmental Conservation,https://en.wikipedia.org/wiki/Greenprinting
Environmental Conservation,https://en.wikipedia.org/wiki/Habitat_destruction
Environmental Conservation,https://en.wikipedia.org/wiki/Habitat_fragmentation
Environmental Conservation,https://en.wikipedia.org/wiki/Hemerochory
Environmental Conservation,https://en.wikipedia.org/wiki/In-situ_conservation
Environmental Conservation,https://en.wikipedia.org/wiki/International_parrot_trade
Environmental Conservation,https://en.wikipedia.org/wiki/International_Union_for_Conservation_of_Nature
Environmental Conservation,https://en.wikipedia.org/wiki/Invasive_species
Environmental Conservation,https://en.wikipedia.org/wiki/Island_restoration
Environmental Conservation,https://en.wikipedia.org/wiki/Landscape-scale_conservation
Environmental Conservation,https://en.wikipedia.org/wiki/Latent_extinction_risk
Environmental Conservation,https://en.wikipedia.org/wiki/Marxan
Environmental Conservation,https://en.wikipedia.org/wiki/Maximum_sustainable_yield
Environmental Conservation,https://en.wikipedia.org/wiki/Natural_heritage
Environmental Conservation,https://en.wikipedia.org/wiki/Near-threatened_species
Environmental Conservation,https://en.wikipedia.org/wiki/Non-renewable_resource
Environmental Conservation,https://en.wikipedia.org/wiki/Organic_chocolate
Environmental Conservation,https://en.wikipedia.org/wiki/Other_effective_area-based_conservation_measures
Environmental Conservation,https://en.wikipedia.org/wiki/Overexploitation
Environmental Conservation,https://en.wikipedia.org/wiki/Perceptual_trap
Environmental Conservation,https://en.wikipedia.org/wiki/Population_fragmentation
Environmental Conservation,https://en.wikipedia.org/wiki/Prairie_strips
Environmental Conservation,https://en.wikipedia.org/wiki/Rangeland_management
Environmental Conservation,https://en.wikipedia.org/wiki/Reef_burials
Environmental Conservation,https://en.wikipedia.org/wiki/Riparian_buffer
Environmental Conservation,https://en.wikipedia.org/wiki/Riparian_zone
Environmental Conservation,https://en.wikipedia.org/wiki/Sentinel_species
Environmental Conservation,https://en.wikipedia.org/wiki/Site-based_conservation
Environmental Conservation,https://en.wikipedia.org/wiki/Social_Trekking
Environmental Conservation,https://en.wikipedia.org/wiki/Soil_conservation
Environmental Conservation,https://en.wikipedia.org/wiki/Stewardship_cessation
Environmental Conservation,https://en.wikipedia.org/wiki/Sustainable_yield
Environmental Conservation,https://en.wikipedia.org/wiki/Threatened_species
Environmental Conservation,https://en.wikipedia.org/wiki/Threats_to_sea_turtles
Environmental Conservation,https://en.wikipedia.org/wiki/Umbrella_effect_(ecology)
Environmental Conservation,https://en.wikipedia.org/wiki/Vulnerable_species
Environmental Conservation,https://en.wikipedia.org/wiki/Wildlife_corridor
Environmental Conservation,https://en.wikipedia.org/wiki/World_Charter_for_Nature
Public health,https://en.wikipedia.org/wiki/Public_health
Public health,https://en.wikipedia.org/wiki/Active_design
Public health,https://en.wikipedia.org/wiki/Active_mobility
Public health,https://en.wikipedia.org/wiki/Adverse_childhood_experiences
Public health,https://en.wikipedia.org/wiki/Adverse_Childhood_Experiences_movement
Public health,https://en.wikipedia.org/wiki/Air_pollution_measurement
Public health,https://en.wikipedia.org/wiki/Bangkok_Charter
Public health,https://en.wikipedia.org/wiki/Behavior_change_(public_health)
Public health,https://en.wikipedia.org/wiki/Birth_spacing
Public health,https://en.wikipedia.org/wiki/Blue_space
Public health,https://en.wikipedia.org/wiki/Body_image_law
Public health,https://en.wikipedia.org/wiki/Child_mortality
Public health,https://en.wikipedia.org/wiki/Community_health
Public health,https://en.wikipedia.org/wiki/Comorbidity
Public health,https://en.wikipedia.org/wiki/Compression_of_morbidity
Public health,https://en.wikipedia.org/wiki/Condemned_property
Public health,https://en.wikipedia.org/wiki/Connecting_Organizations_for_Regional_Disease_Surveillance
Public health,https://en.wikipedia.org/wiki/Contact_tracing
Public health,https://en.wikipedia.org/wiki/Convention_on_Psychotropic_Substances
Public health,https://en.wikipedia.org/wiki/Cordon_sanitaire_(medicine)
Public health,https://en.wikipedia.org/wiki/COVID-19
Public health,https://en.wikipedia.org/wiki/COVID-19_lockdowns
Public health,https://en.wikipedia.org/wiki/COVID-19_lockdowns_by_country
Public health,https://en.wikipedia.org/wiki/Deathcare
Public health,https://en.wikipedia.org/wiki/Dental_public_health
Public health,https://en.wikipedia.org/wiki/Director-General_of_the_World_Health_Organization
Public health,https://en.wikipedia.org/wiki/Disease_burden
Public health,https://en.wikipedia.org/wiki/Disease_of_despair
Public health,https://en.wikipedia.org/wiki/Diseases_of_poverty
Public health,https://en.wikipedia.org/wiki/Doctor_of_Public_Health
Public health,https://en.wikipedia.org/wiki/Drug_policy
Public health,https://en.wikipedia.org/wiki/Economics_of_vaccines
Public health,https://en.wikipedia.org/wiki/Ecosystem_health
Public health,https://en.wikipedia.org/wiki/Environmental_hazard
Public health,https://en.wikipedia.org/wiki/Euthenics
Public health,https://en.wikipedia.org/wiki/Exposome
Public health,https://en.wikipedia.org/wiki/Fat_tax
Public health,https://en.wikipedia.org/wiki/Focus_of_infection
Public health,https://en.wikipedia.org/wiki/Four-step_impact_assessment
Public health,https://en.wikipedia.org/wiki/GIS_and_public_health
Public health,https://en.wikipedia.org/wiki/Global_Buruli_Ulcer_Initiative
Public health,https://en.wikipedia.org/wiki/Global_Health_Security_Index
Public health,https://en.wikipedia.org/wiki/Global_microbial_identifier
Public health,https://en.wikipedia.org/wiki/Harm_reduction
Public health,https://en.wikipedia.org/wiki/Health_administration
Public health,https://en.wikipedia.org/wiki/Health_care
Public health,https://en.wikipedia.org/wiki/Health_crisis
Public health,https://en.wikipedia.org/wiki/Health_education
Public health,https://en.wikipedia.org/wiki/Health_Emergencies_Programme_(WHO)
Public health,https://en.wikipedia.org/wiki/Health_equity
Public health,https://en.wikipedia.org/wiki/Health_For_All
Public health,https://en.wikipedia.org/wiki/Health_impact_assessment
Public health,https://en.wikipedia.org/wiki/Health_insurance
Public health,https://en.wikipedia.org/wiki/Health_insurance_cooperative
Public health,https://en.wikipedia.org/wiki/Health_insurance_mandate
Public health,https://en.wikipedia.org/wiki/Health_policy
Public health,https://en.wikipedia.org/wiki/Health_politics
Public health,https://en.wikipedia.org/wiki/Health_security
Public health,https://en.wikipedia.org/wiki/Health-related_embarrassment
Public health,https://en.wikipedia.org/wiki/Healthcare_and_the_LGBT_community
Public health,https://en.wikipedia.org/wiki/Health_care_reform
Public health,https://en.wikipedia.org/wiki/Healthy_city
Public health,https://en.wikipedia.org/wiki/HPV-associated_oropharyngeal_cancer_awareness_and_prevention
Public health,https://en.wikipedia.org/wiki/Human-to-primate_transmission
Public health,https://en.wikipedia.org/wiki/Independent_Panel_for_Pandemic_Preparedness_and_Response
Public health,https://en.wikipedia.org/wiki/Infant_mortality
Public health,https://en.wikipedia.org/wiki/Infodemiology
Public health,https://en.wikipedia.org/wiki/Injury_prevention
Public health,https://en.wikipedia.org/wiki/Intermittent_water_supply
Public health,https://en.wikipedia.org/wiki/International_Association_for_Cannabinoid_Medicines
Public health,https://en.wikipedia.org/wiki/International_Hygiene_Exhibition
Public health,https://en.wikipedia.org/wiki/International_Overdose_Awareness_Day
Public health,https://en.wikipedia.org/wiki/Inverse_care_law
Public health,https://en.wikipedia.org/wiki/Langya_henipavirus
Public health,https://en.wikipedia.org/wiki/LGBT_life_expectancy
Public health,https://en.wikipedia.org/wiki/Lifestyle_disease
Public health,https://en.wikipedia.org/wiki/Loneliness_epidemic
Public health,https://en.wikipedia.org/wiki/Manner_of_death
Public health,https://en.wikipedia.org/wiki/Multidrug-resistant_bacteria
Public health,https://en.wikipedia.org/wiki/Multimorbidity
Public health,https://en.wikipedia.org/wiki/Noise-induced_hearing_loss
Public health,https://en.wikipedia.org/wiki/Non-pharmaceutical_intervention_(epidemiology)
Public health,https://en.wikipedia.org/wiki/Non-pharmacological_intervention
Public health,https://en.wikipedia.org/wiki/Public_health_nursing
Public health,https://en.wikipedia.org/wiki/Nutrition_transition
Public health,https://en.wikipedia.org/wiki/Obstetric_transition
Public health,https://en.wikipedia.org/wiki/Occupational_hearing_loss
Public health,https://en.wikipedia.org/wiki/Occupational_heat_stress
Public health,https://en.wikipedia.org/wiki/Origin_tracing
Public health,https://en.wikipedia.org/wiki/Outcomes_research
Public health,https://en.wikipedia.org/wiki/Pandemic_Severity_Assessment_Framework
Public health,https://en.wikipedia.org/wiki/Philosophy_of_healthcare
Public health,https://en.wikipedia.org/wiki/Polizeiwissenschaft
Public health,https://en.wikipedia.org/wiki/Population_informatics
Public health,https://en.wikipedia.org/wiki/Precautionary_principle
Public health,https://en.wikipedia.org/wiki/PRECEDE%E2%80%93PROCEED_model
Public health,https://en.wikipedia.org/wiki/Preventive_and_social_medicine
Public health,https://en.wikipedia.org/wiki/Protective_sequestration
Public health,https://en.wikipedia.org/wiki/Public_health_informatics
Public health,https://en.wikipedia.org/wiki/Public_health_intervention
Public health,https://en.wikipedia.org/wiki/Public_health_law
Public health,https://en.wikipedia.org/wiki/Public_health_observatory
Public health,https://en.wikipedia.org/wiki/Public_health_surveillance
Public health,https://en.wikipedia.org/wiki/Salutogenesis
Public health,https://en.wikipedia.org/wiki/SaTScan
Public health,https://en.wikipedia.org/wiki/School_health_and_nutrition_services
Public health,https://en.wikipedia.org/wiki/Shift-and-persist_model
Public health,https://en.wikipedia.org/wiki/Single_Convention_on_Narcotic_Drugs
Public health,https://en.wikipedia.org/wiki/Single-payer_healthcare
Public health,https://en.wikipedia.org/wiki/Sleeping_Sickness_Commission
Public health,https://en.wikipedia.org/wiki/Commercial_determinants_of_health
Public health,https://en.wikipedia.org/wiki/Social_determinants_of_health
Public health,https://en.wikipedia.org/wiki/Social_determinants_of_mental_health
Public health,https://en.wikipedia.org/wiki/Social_emergency_medicine
Public health,https://en.wikipedia.org/wiki/Social_epidemiology
Public health,https://en.wikipedia.org/wiki/Social_medicine
Public health,"https://en.wikipedia.org/wiki/Special_Programme_of_Research,_Development_and_Research_Training_in_Human_Reproduction-_HRP"
Public health,https://en.wikipedia.org/wiki/Strategic_Advisory_Group_of_Experts
Public health,https://en.wikipedia.org/wiki/Sugary_drink_tax
Public health,https://en.wikipedia.org/wiki/Transportation_and_health
Public health,https://en.wikipedia.org/wiki/Transtheoretical_model
Public health,https://en.wikipedia.org/wiki/Universal_health_care
Public health,https://en.wikipedia.org/wiki/Vaccine_equity
Public health,https://en.wikipedia.org/wiki/Vaccine_line_jumping
Public health,https://en.wikipedia.org/wiki/Vaccine_storage
Public health,https://en.wikipedia.org/wiki/Verbal_autopsy
Public health,https://en.wikipedia.org/wiki/Veterinary_public_health
Public health,https://en.wikipedia.org/wiki/Wastewater-based_epidemiology
Public health,https://en.wikipedia.org/wiki/WHO_Hub_for_Pandemic_and_Epidemic_Intelligence
Public health,https://en.wikipedia.org/wiki/WHO_public_health_prizes_and_awards
Public health,https://en.wikipedia.org/wiki/World_Health_Assembly
Public health,https://en.wikipedia.org/wiki/World_Health_Organization